<?xml version="1.0" encoding="UTF-8"?>
<mule xmlns:tracking="http://www.mulesoft.org/schema/mule/ee/tracking" xmlns="http://www.mulesoft.org/schema/mule/core" xmlns:api-platform-gw="http://www.mulesoft.org/schema/mule/api-platform-gw" xmlns:apikit="http://www.mulesoft.org/schema/mule/apikit" xmlns:doc="http://www.mulesoft.org/schema/mule/documentation" xmlns:dw="http://www.mulesoft.org/schema/mule/ee/dw" xmlns:http="http://www.mulesoft.org/schema/mule/http" xmlns:spring="http://www.springframework.org/schema/beans" xmlns:xsi="http://www.w3.org/2001/XMLSchema-instance" xsi:schemaLocation="http://www.mulesoft.org/schema/mule/api-platform-gw http://www.mulesoft.org/schema/mule/api-platform-gw/current/mule-api-platform-gw.xsd
http://www.mulesoft.org/schema/mule/ee/dw http://www.mulesoft.org/schema/mule/ee/dw/current/dw.xsd
http://www.mulesoft.org/schema/mule/core http://www.mulesoft.org/schema/mule/core/current/mule.xsd
http://www.mulesoft.org/schema/mule/http http://www.mulesoft.org/schema/mule/http/current/mule-http.xsd
http://www.mulesoft.org/schema/mule/apikit http://www.mulesoft.org/schema/mule/apikit/current/mule-apikit.xsd
http://www.springframework.org/schema/beans http://www.springframework.org/schema/beans/spring-beans-3.1.xsd
http://www.mulesoft.org/schema/mule/ee/tracking http://www.mulesoft.org/schema/mule/ee/tracking/current/mule-tracking-ee.xsd">
    <apikit:config name="api-cofig" raml="api.raml" consoleEnabled="false" doc:name="Router" />
    <!--     <api-platform-gw:api apiName="cisco-spark-bitbucket-integration" version="1" flowRef="api-main" create="true" doc:name="API Autodiscovery"/> -->

    <http:listener-config name="api-httpListenerConfig1" host="0.0.0.0" port="8081" doc:name="HTTP Listener Configuration"/>
    <apikit:config name="api-config" raml="api.raml" consoleEnabled="true" consolePath="console" doc:name="Router"/>
    <flow name="api-main">
        <http:listener config-ref="api-httpListenerConfig" path="/api/*" doc:name="HTTP" />
        <apikit:router config-ref="api-config" doc:name="APIkit Router" />
        <exception-strategy ref="api-apiKitGlobalExceptionMapping" doc:name="Reference Exception Strategy" />
    </flow>
    <flow name="api-console">
        <http:listener config-ref="api-httpListenerConfig" path="/console/*" doc:name="HTTP" />
        <apikit:console config-ref="api-config" doc:name="APIkit Console" />
    </flow>
    <flow name="post:/authDetails:api-config">
        <flow-ref name="postAuthDetailsFlow" doc:name="Post Auth Details Flow Reference" />
    </flow>
    <flow name="post:/settings:api-config">
        <logger message="HELLO" level="INFO" doc:name="Logger" />
        <flow-ref name="postIntegrationSettingsFlow" doc:name="Post Integration Settings Flow Reference" />
    </flow>
    <flow name="post:/formatMessage:api-config">
        <flow-ref name="postFormatMessageFlow" doc:name="Post Format Messae Flow Reference" />
    </flow>
    <flow name="post:/setupIntegration:api-config">
        <flow-ref name="setupIntegrationFlow" doc:name="Setup Integration Flow Reference" />
    </flow>
    <flow name="post:/tearDownIntegration:api-config">
        <flow-ref name="tearDownIntegrationFlow" doc:name="Tear Down Integration Flow Reference" />
    </flow>
    <flow name="get:/healthCheck:api-config">
        <flow-ref name="healthCheckFlow" doc:name="Health Check Flow Reference" />
    </flow>
    <apikit:mapping-exception-strategy name="api-apiKitGlobalExceptionMapping">
        <apikit:mapping statusCode="404">
            <apikit:exception value="org.mule.module.apikit.exception.NotFoundException" />
            <set-property propertyName="Content-Type" value="application/json" doc:name="Property" />
            <set-payload value="{ &quot;message&quot;: &quot;Resource not found&quot; }" doc:name="Set Payload" />
        </apikit:mapping>
        <apikit:mapping statusCode="405">
            <apikit:exception value="org.mule.module.apikit.exception.MethodNotAllowedException" />
            <set-property propertyName="Content-Type" value="application/json" doc:name="Property" />
            <set-payload value="{ &quot;message&quot;: &quot;Method not allowed&quot; }" doc:name="Set Payload" />
        </apikit:mapping>
        <apikit:mapping statusCode="415">
            <apikit:exception value="org.mule.module.apikit.exception.UnsupportedMediaTypeException" />
            <set-property propertyName="Content-Type" value="application/json" doc:name="Property" />
            <set-payload value="{ &quot;message&quot;: &quot;Unsupported media type&quot; }" doc:name="Set Payload" />
        </apikit:mapping>
        <apikit:mapping statusCode="406">
            <apikit:exception value="org.mule.module.apikit.exception.NotAcceptableException" />
            <set-property propertyName="Content-Type" value="application/json" doc:name="Property" />
            <set-payload value="{ &quot;message&quot;: &quot;Not acceptable&quot; }" doc:name="Set Payload" />
        </apikit:mapping>
        <apikit:mapping statusCode="400">
            <apikit:exception value="org.mule.module.apikit.exception.BadRequestException" />
            <set-property propertyName="Content-Type" value="application/json" doc:name="Property" />
            <set-payload value="{ &quot;message&quot;: &quot;Bad request&quot; }" doc:name="Set Payload" />
        </apikit:mapping>
        <apikit:mapping statusCode="500">
            <apikit:exception value="java.lang.Exception" />
            <set-variable variableName="exceptionDetails" value="#[exception]" doc:name="Store Exception" />
            <dw:transform-message doc:name="Build Error">
                <dw:set-payload resource="classpath:dwScripts/buildError500.dwl" />
            </dw:transform-message>
        </apikit:mapping>
    </apikit:mapping-exception-strategy>
    <flow name="post:/listSettings:api-config">
        <logger message="listSettings" level="INFO" doc:name="Logger"/>
        <flow-ref name="Listbranches" doc:name="listing branches"/>
    </flow>

</mule>
