[
  {
    "name": "1111111111",
    "commit": {
      "sha": "b7408a6da84944bbd1138fe4a5cbb524bb8a2516",
      "url": "https://api.github.com/repos/harisheidiko/test_repo/commits/b7408a6da84944bbd1138fe4a5cbb524bb8a2516"
    }
  },
  {
    "name": "master",
    "commit": {
      "sha": "b7408a6da84944bbd1138fe4a5cbb524bb8a2516",
      "url": "https://api.github.com/repos/harisheidiko/test_repo/commits/b7408a6da84944bbd1138fe4a5cbb524bb8a2516"
    }
  },
  {
    "name": "test1",
    "commit": {
      "sha": "b7408a6da84944bbd1138fe4a5cbb524bb8a2516",
      "url": "https://api.github.com/repos/harisheidiko/test_repo/commits/b7408a6da84944bbd1138fe4a5cbb524bb8a2516"
    }
  }
]